Algorithm,Mean_SSE,Std_SSE,Min_SSE,Mean_Silhouette
K-Means,79.29450610913833,1.4210854715202004e-14,79.29450610913834,0.8041964077943253
GA,81.3675647734848,0.7547224073682063,80.12389138177578,0.8041964077943253
PSO,236.0392036975601,172.52794852471817,79.52567292299996,0.13327342371979906
DE,235.96868731396154,51.687770893077484,148.97427871911896,0.8041964077943253
ABC,84.68358382985474,2.799473716763369,80.03195750262135,0.8041964077943253
ES,141.2117665304177,11.866934021835178,109.76612540781639,0.8041964077943253
